Frequency (Hz),1000,1100,1200,1300,1400,1500,1600,1700,1800,1900,2000,2100,2200,2300,2400,2500,2600,2700,2800,2900,3000,3100,3200,3300,3400,3500,3600,3700,3800,3900,4000
4,0.000991,0.000769,0.000935,0.000502,0.000694,0.000637,0.000621,0.000762,0.00062,0.000808,0.000895,0.000969,0.000797,0.000822,0.000663,0.000828,0.000943,0.000507,0.000503,0.000677,0.000731,0.000681,0.000657,0.000731,0.000739,0.000948,0.000723,0.000726,0.000857,0.000532,0.000628
8,0.000805,0.000684,0.000767,0.00067,0.000854,0.000522,0.000909,0.000918,0.000552,0.000817,0.000871,0.00071,0.000994,0.000937,0.000702,0.000578,0.00071,0.000958,0.000564,0.000613,0.000824,0.000596,0.000955,0.000987,0.000778,0.000646,0.000676,0.000772,0.000578,0.000846,0.000834
12,0.000754,0.000802,0.000899,0.000651,0.00085,0.000915,0.000729,0.000548,0.000572,0.000857,0.00051,0.000741,0.000959,0.000899,0.000958,0.000666,0.000721,0.000585,0.001,0.000735,0.000941,0.000727,0.000818,0.000612,0.000941,0.000779,0.000969,0.000684,0.000556,0.000804,0.000819
16,0.002148,0.001727,0.001182,0.001056,0.000838,0.000961,0.000561,0.000952,0.000951,0.000905,0.000515,0.000729,0.000714,0.000862,0.000673,0.000894,0.000789,0.000506,0.000584,0.000953,0.000841,0.00072,0.000509,0.00065,0.000791,0.00056,0.00072,0.000628,0.000937,0.000739,0.000799
20,0.001239,0.001995,0.002787,0.0024,0.001632,0.000813,0.00098,0.000942,0.000848,0.000654,0.000754,0.000681,0.000862,0.000855,0.000638,0.00054,0.000794,0.00059,0.00058,0.000916,0.000699,0.000657,0.000567,0.000988,0.000858,0.000875,0.000864,0.000909,0.000844,0.000961,0.000601
24,0.000861,0.000605,0.001258,0.002007,0.003254,0.003402,0.001976,0.001018,0.001053,0.000803,0.000757,0.000655,0.000642,0.00071,0.000707,0.000916,0.000873,0.000635,0.000825,0.000978,0.000589,0.000854,0.000795,0.000582,0.00056,0.000655,0.00095,0.000823,0.000987,0.000977,0.000915
28,0.000807,0.000824,0.000802,0.000945,0.00102,0.001771,0.003519,0.004421,0.003238,0.001744,0.00091,0.0007,0.000579,0.000821,0.000572,0.000782,0.00087,0.000932,0.000517,0.000985,0.000659,0.000741,0.000874,0.000858,0.000641,0.000711,0.000842,0.000815,0.000716,0.000989,0.000781
32,0.00345,0.001266,0.0007,0.000543,0.000705,0.000943,0.000707,0.001472,0.003347,0.005354,0.004782,0.002919,0.001111,0.000913,0.000984,0.000907,0.000964,0.000674,0.000975,0.000839,0.000837,0.00098,0.000859,0.000737,0.000812,0.000523,0.000972,0.000585,0.000525,0.000515,0.000902
36,0.001959,0.004324,0.0015,0.000657,0.000625,0.000686,0.000884,0.000903,0.000838,0.001292,0.003223,0.005802,0.006359,0.004599,0.002177,0.000955,0.000636,0.000517,0.000767,0.000667,0.000748,0.000725,0.000952,0.000564,0.00055,0.00099,0.000684,0.000831,0.000925,0.000744,0.000935
40,0.000743,0.001825,0.005149,0.002529,0.000782,0.000733,0.000737,0.000593,0.000832,0.000843,0.000786,0.00092,0.002662,0.005853,0.007906,0.006633,0.003308,0.001178,0.000762,0.000776,0.00071,0.00073,0.000934,0.000826,0.000928,0.000616,0.000963,0.000528,0.000578,0.000855,0.000978
44,0.000775,0.000776,0.001626,0.005768,0.003638,0.00088,0.000835,0.000727,0.000736,0.000585,0.000556,0.000642,0.000542,0.000819,0.002043,0.004791,0.008827,0.00886,0.005001,0.002267,0.000828,0.000918,0.000815,0.000922,0.000992,0.000833,0.000943,0.000626,0.000597,0.000541,0.000882
48,0.000979,0.000877,0.00068,0.001226,0.005555,0.005261,0.000952,0.000914,0.000788,0.00065,0.000571,0.000849,0.000609,0.000839,0.000785,0.000653,0.001512,0.00415,0.009001,0.011362,0.008057,0.003501,0.001446,0.000908,0.000523,0.000707,0.000669,0.000641,0.000589,0.000522,0.000796
52,0.000718,0.000703,0.000835,0.00091,0.000796,0.005028,0.007275,0.001304,0.000826,0.000504,0.000562,0.000631,0.000705,0.00062,0.000941,0.00077,0.00095,0.000805,0.001382,0.003246,0.008128,0.012513,0.011194,0.005984,0.002277,0.000911,0.000527,0.000888,0.00062,0.00053,0.000846
56,0.000593,0.000531,0.000535,0.000516,0.000557,0.001027,0.004361,0.009324,0.002503,0.001004,0.000673,0.000585,0.000702,0.000826,0.00072,0.00082,0.000704,0.00093,0.000743,0.000527,0.000868,0.002103,0.006669,0.012964,0.014622,0.009032,0.003291,0.001403,0.000626,0.000602,0.000558
60,0.000848,0.000641,0.000556,0.000772,0.000669,0.00072,0.000933,0.003327,0.010756,0.003792,0.001044,0.000667,0.000823,0.000584,0.000935,0.000689,0.000689,0.000811,0.000761,0.000669,0.00061,0.000558,0.000952,0.001692,0.005024,0.011825,0.017076,0.013321,0.0059,0.001927,0.000786
64,0.000988,0.000798,0.000728,0.000757,0.000689,0.000708,0.000925,0.000849,0.002695,0.011483,0.006432,0.001243,0.000537,0.000982,0.000991,0.00072,0.000714,0.000562,0.000503,0.000849,0.000998,0.000736,0.000507,0.000686,0.000702,0.000983,0.003384,0.010295,0.018122,0.017924,0.010061
68,0.001528,0.000869,0.000983,0.000745,0.000973,0.000822,0.000509,0.000694,0.000614,0.001651,0.011066,0.009478,0.001387,0.000629,0.00069,0.000832,0.000652,0.00056,0.000618,0.000647,0.000879,0.000835,0.000913,0.000651,0.000671,0.000595,0.000611,0.001179,0.00215,0.007815,0.017117
72,0.000946,0.001606,0.00055,0.00094,0.000652,0.000505,0.000559,0.000711,0.000716,0.000571,0.001399,0.009644,0.01328,0.002424,0.000845,0.000564,0.000916,0.000761,0.000937,0.000552,0.000815,0.00095,0.000789,0.000825,0.000994,0.000557,0.000677,0.000918,0.000569,0.000927,0.001677
76,0.000888,0.001265,0.001031,0.000914,0.000759,0.00077,0.000656,0.000532,0.000588,0.000997,0.000611,0.00113,0.007761,0.016245,0.003693,0.000961,0.00084,0.000749,0.000629,0.000924,0.000544,0.000845,0.000909,0.000521,0.000953,0.000796,0.000724,0.0009,0.000609,0.000993,0.000774
80,0.000529,0.000566,0.002249,0.000597,0.000827,0.000655,0.000805,0.000728,0.000619,0.000752,0.000584,0.00099,0.000618,0.005706,0.018824,0.006559,0.001069,0.000805,0.000839,0.000593,0.000655,0.000588,0.000619,0.000999,0.000861,0.000503,0.000973,0.000708,0.000651,0.00085,0.000951
84,0.000602,0.000972,0.000845,0.001248,0.000663,0.000524,0.000932,0.000742,0.000588,0.000705,0.000773,0.000837,0.000953,0.000881,0.003759,0.019751,0.010614,0.001338,0.000806,0.000913,0.000952,0.000526,0.000957,0.000772,0.000575,0.000544,0.00077,0.000756,0.000545,0.000531,0.000783
88,0.000671,0.000537,0.000703,0.002249,0.000666,0.00087,0.000966,0.000731,0.000796,0.00095,0.000967,0.000564,0.000663,0.000828,0.000913,0.002615,0.018619,0.015709,0.001615,0.000537,0.000861,0.000781,0.000768,0.000921,0.00067,0.000516,0.000965,0.000618,0.000609,0.000859,0.000514
92,0.000966,0.000701,0.000594,0.000963,0.002311,0.000781,0.000594,0.000677,0.000708,0.000896,0.000619,0.000942,0.00071,0.000725,0.000754,0.00058,0.001654,0.016638,0.022765,0.00311,0.000773,0.000863,0.000579,0.00062,0.000695,0.000741,0.000973,0.000947,0.00053,0.000902,0.000732
96,0.000693,0.000775,0.000801,0.000843,0.001616,0.001388,0.000521,0.000889,0.000736,0.000659,0.000882,0.000683,0.000636,0.000699,0.000578,0.000715,0.000795,0.001232,0.014609,0.031797,0.006535,0.000661,0.000811,0.000937,0.000676,0.00075,0.000703,0.000791,0.000536,0.000638,0.000532
100,0.000694,0.000615,0.000841,0.000883,0.000617,0.004112,0.000612,0.000827,0.000964,0.000911,0.000831,0.00065,0.000583,0.000616,0.000682,0.000723,0.00088,0.000864,0.0009,0.012158,0.043117,0.013957,0.00133,0.000594,0.000695,0.00086,0.000854,0.000974,0.000548,0.001,0.000911
104,0.000665,0.000773,0.000943,0.000779,0.000579,0.001386,0.002982,0.000856,0.000927,0.000953,0.000849,0.000719,0.000869,0.000903,0.000634,0.000584,0.00061,0.000678,0.00086,0.000826,0.010075,0.056661,0.029162,0.002161,0.00059,0.000947,0.000857,0.000679,0.000693,0.000982,0.000967
108,0.000585,0.000876,0.000575,0.000715,0.00085,0.000808,0.005829,0.000968,0.00076,0.000631,0.000971,0.000574,0.000853,0.000927,0.000764,0.000938,0.000895,0.000909,0.000666,0.000554,0.000976,0.007781,0.068769,0.057237,0.004786,0.000775,0.000836,0.000536,0.000889,0.000612,0.000994
112,0.000736,0.000507,0.000541,0.000706,0.000709,0.000593,0.001118,0.007961,0.000916,0.000676,0.000835,0.000616,0.000728,0.000789,0.000805,0.00073,0.000969,0.000651,0.000706,0.000688,0.000921,0.001006,0.005095,0.071682,0.097156,0.011837,0.000877,0.000613,0.000872,0.000874,0.000816
116,0.00064,0.000609,0.000509,0.000785,0.000508,0.000625,0.000808,0.005247,0.002551,0.000525,0.000794,0.000603,0.000512,0.000903,0.000885,0.000622,0.00079,0.000788,0.000638,0.00058,0.000524,0.000655,0.000604,0.00309,0.063186,0.139235,0.02692,0.001376,0.000547,0.000678,0.000545
120,0.000901,0.000562,0.000648,0.000653,0.000686,0.000796,0.000597,0.000738,0.013042,0.000841,0.000857,0.00086,0.000501,0.000749,0.000791,0.000739,0.000752,0.000585,0.00093,0.000797,0.000967,0.000744,0.000888,0.000912,0.001797,0.04541,0.16276,0.050723,0.002092,0.00081,0.000629
124,0.000689,0.000949,0.000631,0.000722,0.000702,0.000572,0.000928,0.000931,0.002708,0.006433,0.00086,0.000712,0.000757,0.000724,0.000774,0.000966,0.000896,0.000897,0.000578,0.000916,0.000516,0.000857,0.000788,0.000702,0.000739,0.00106,0.026809,0.155095,0.078683,0.003859,0.000537
128,0.000946,0.0006,0.001,0.000785,0.000558,0.000543,0.000535,0.000793,0.000863,0.009916,0.001026,0.000743,0.000675,0.000741,0.000708,0.000752,0.00073,0.000946,0.000959,0.000965,0.000636,0.000579,0.000615,0.000977,0.000555,0.000964,0.000858,0.01311,0.121418,0.099861,0.007798
132,0.000637,0.001,0.000855,0.000666,0.000827,0.000609,0.000705,0.000838,0.000767,0.000926,0.008705,0.000874,0.000952,0.000862,0.000865,0.000813,0.000903,0.000986,0.000668,0.000839,0.000922,0.000716,0.00084,0.00079,0.000963,0.000853,0.00094,0.000953,0.005576,0.079334,0.106946
136,0.000564,0.000658,0.000567,0.000771,0.000969,0.000589,0.000829,0.000534,0.000812,0.000642,0.004298,0.001977,0.000651,0.000847,0.000857,0.000744,0.000703,0.000756,0.000973,0.000964,0.000777,0.000558,0.00084,0.000783,0.000617,0.000946,0.000924,0.000715,0.000945,0.002559,0.045029
140,0.000928,0.000736,0.000722,0.000742,0.000979,0.000514,0.000995,0.00077,0.00074,0.000505,0.000991,0.007112,0.000618,0.000627,0.000714,0.000676,0.00086,0.000812,0.00072,0.000853,0.000562,0.000982,0.000598,0.000904,0.000992,0.000584,0.000596,0.000503,0.000559,0.000926,0.001104
144,0.000551,0.00091,0.000901,0.000576,0.000662,0.000956,0.000679,0.000682,0.000849,0.000819,0.000791,0.001694,0.003323,0.000588,0.000904,0.000622,0.000567,0.000857,0.00094,0.000541,0.00058,0.000786,0.000803,0.000852,0.00071,0.000893,0.000604,0.000797,0.000682,0.000885,0.000655
148,0.000526,0.000639,0.000683,0.000986,0.000689,0.000879,0.000683,0.000643,0.000749,0.000791,0.000904,0.00096,0.005046,0.000741,0.000982,0.000684,0.000682,0.000715,0.000922,0.000872,0.000757,0.000583,0.000804,0.000585,0.000522,0.000761,0.000515,0.000603,0.000824,0.000937,0.000938
152,0.000684,0.00079,0.000555,0.000878,0.000967,0.000694,0.000522,0.000695,0.00082,0.00098,0.000632,0.000622,0.001153,0.005102,0.00094,0.000868,0.000643,0.000555,0.000992,0.000555,0.000671,0.000934,0.000787,0.000633,0.000519,0.000869,0.000626,0.000833,0.000941,0.000797,0.000861
156,0.00094,0.00084,0.000932,0.000699,0.000732,0.000954,0.000709,0.000502,0.000786,0.000974,0.000897,0.000749,0.000913,0.003233,0.001533,0.0007,0.000568,0.000702,0.000637,0.000639,0.000994,0.000664,0.000754,0.00079,0.000751,0.000866,0.000586,0.000663,0.000676,0.000666,0.000522
160,0.000649,0.000619,0.000665,0.000528,0.000583,0.000538,0.000526,0.000927,0.000559,0.000745,0.000536,0.000617,0.00085,0.000909,0.006056,0.000861,0.000853,0.000687,0.000853,0.000789,0.000972,0.000986,0.000982,0.000919,0.000761,0.00071,0.000856,0.000872,0.000536,0.000897,0.000588
164,0.000541,0.00062,0.000981,0.00059,0.000948,0.00067,0.00074,0.000992,0.000946,0.000559,0.000973,0.000951,0.000623,0.000514,0.001886,0.003645,0.000702,0.000513,0.000597,0.000637,0.000525,0.000567,0.000853,0.000741,0.000755,0.000945,0.000563,0.000569,0.000507,0.000908,0.000974
168,0.000677,0.000825,0.000951,0.000574,0.000959,0.000895,0.000971,0.000803,0.000927,0.000856,0.000534,0.000914,0.000517,0.000596,0.000566,0.005742,0.00097,0.000567,0.000606,0.000735,0.000568,0.000999,0.000679,0.000564,0.000941,0.000657,0.000575,0.000501,0.000766,0.000839,0.000675
172,0.000503,0.000622,0.0008,0.000529,0.000778,0.000601,0.00089,0.000928,0.000875,0.000983,0.000853,0.000647,0.00087,0.000907,0.000952,0.000914,0.005708,0.00078,0.000703,0.000828,0.000787,0.000673,0.000722,0.000602,0.000603,0.000631,0.00095,0.000712,0.000941,0.000667,0.000627
176,0.000804,0.000994,0.000896,0.000764,0.000722,0.00072,0.00074,0.000571,0.000883,0.000907,0.00077,0.000855,0.000693,0.000867,0.000509,0.000678,0.003708,0.001959,0.000744,0.000515,0.000693,0.00099,0.000987,0.000924,0.000672,0.000811,0.000699,0.000716,0.000606,0.000979,0.000774
180,0.000712,0.000777,0.000966,0.000927,0.000989,0.000736,0.000718,0.000904,0.000955,0.000526,0.00098,0.000699,0.000725,0.000733,0.00066,0.000746,0.000565,0.007809,0.000562,0.000778,0.000613,0.00085,0.00093,0.000991,0.000793,0.00092,0.000977,0.000707,0.000912,0.000567,0.000565
184,0.00097,0.000659,0.000566,0.000758,0.000945,0.00099,0.00084,0.000522,0.000597,0.00066,0.000667,0.00061,0.000599,0.000768,0.000924,0.000969,0.000581,0.001935,0.004027,0.000778,0.000792,0.000786,0.000889,0.000891,0.000567,0.000828,0.000846,0.00051,0.000916,0.0008,0.000959
188,0.000514,0.000754,0.000527,0.000595,0.000612,0.000661,0.000764,0.000668,0.000691,0.000692,0.000559,0.000977,0.000651,0.000856,0.000965,0.00081,0.000915,0.000723,0.006568,0.000924,0.000814,0.000686,0.000541,0.000506,0.000694,0.000751,0.000989,0.000692,0.000961,0.000972,0.000813
192,0.000925,0.000907,0.000803,0.000971,0.000545,0.000536,0.000563,0.000986,0.000696,0.000681,0.000791,0.000515,0.000632,0.00076,0.000876,0.000893,0.000747,0.000567,0.000939,0.007203,0.000728,0.000568,0.000859,0.000746,0.000889,0.000544,0.000693,0.000653,0.000973,0.000709,0.000732
196,0.00089,0.000882,0.000522,0.000701,0.000986,0.00066,0.000869,0.000579,0.000963,0.000817,0.000585,0.000971,0.00097,0.00091,0.0007,0.000582,0.000713,0.00074,0.000804,0.004438,0.002337,0.000511,0.000529,0.000907,0.000797,0.000654,0.000872,0.000964,0.000872,0.000699,0.000632
200,0.000889,0.000932,0.000953,0.000688,0.000896,0.00099,0.000619,0.000851,0.000749,0.000712,0.000693,0.000627,0.000731,0.000661,0.000732,0.00076,0.00058,0.000564,0.000823,0.000882,0.009366,0.000589,0.000904,0.000814,0.000881,0.000881,0.000827,0.000791,0.000522,0.000827,0.000867
204,0.000642,0.000982,0.000535,0.000769,0.00068,0.000713,0.000626,0.000853,0.000786,0.000959,0.00095,0.000917,0.000514,0.000655,0.000553,0.000603,0.000811,0.000568,0.000834,0.000565,0.002304,0.00484,0.000781,0.000749,0.000908,0.000993,0.000724,0.000813,0.000809,0.000652,0.0007
208,0.000583,0.000622,0.00067,0.000787,0.000964,0.000749,0.000666,0.000673,0.000621,0.000621,0.000991,0.000881,0.00079,0.000848,0.000665,0.00079,0.000814,0.000997,0.000619,0.000862,0.000894,0.008176,0.001361,0.000969,0.000634,0.000985,0.000773,0.00052,0.000982,0.000542,0.000954
212,0.00054,0.000869,0.000815,0.000536,0.000639,0.000804,0.000891,0.000585,0.000929,0.000514,0.000946,0.00078,0.000869,0.00083,0.000792,0.000994,0.000964,0.000562,0.000632,0.000786,0.000732,0.001012,0.008593,0.000579,0.000753,0.000519,0.000632,0.000874,0.00085,0.000809,0.000817
216,0.000751,0.000721,0.000853,0.000639,0.000925,0.000866,0.000899,0.000522,0.000682,0.00085,0.000916,0.000607,0.000865,0.000932,0.000834,0.000859,0.000899,0.00085,0.000768,0.000525,0.000626,0.000515,0.005002,0.002252,0.000948,0.000796,0.000945,0.000763,0.000574,0.00079,0.000812
220,0.000547,0.000578,0.000828,0.00081,0.000527,0.000912,0.000846,0.000947,0.000656,0.000603,0.000543,0.000527,0.000758,0.000859,0.000537,0.000984,0.000874,0.00068,0.000728,0.00096,0.000647,0.000897,0.000944,0.010745,0.000781,0.000945,0.000938,0.000744,0.000827,0.000635,0.000778
224,0.000589,0.000963,0.000593,0.000997,0.000541,0.000566,0.000773,0.000584,0.000782,0.000609,0.000698,0.000967,0.000808,0.000521,0.00051,0.00067,0.000579,0.000636,0.000552,0.000868,0.000683,0.000794,0.000617,0.002599,0.005471,0.000889,0.000538,0.000501,0.000827,0.000976,0.000603
228,0.000665,0.000733,0.000953,0.000512,0.000861,0.000541,0.000769,0.000843,0.000699,0.000794,0.000547,0.000892,0.000862,0.000527,0.000848,0.000705,0.000835,0.000761,0.000743,0.000805,0.000681,0.000943,0.000593,0.000827,0.009428,0.000999,0.000611,0.000944,0.000543,0.000899,0.000835
232,0.000567,0.000724,0.000986,0.000559,0.000747,0.00083,0.00076,0.000942,0.000707,0.000907,0.00084,0.000567,0.000844,0.0009,0.000808,0.000951,0.0008,0.000809,0.000858,0.000918,0.000977,0.000882,0.00067,0.000508,0.001081,0.010139,0.000738,0.000963,0.000754,0.000727,0.000893
236,0.000998,0.000825,0.000713,0.000707,0.000659,0.000518,0.000805,0.000614,0.000887,0.000802,0.000733,0.000738,0.000776,0.000893,0.000931,0.000505,0.000721,0.000816,0.000842,0.000512,0.000516,0.00097,0.000557,0.000831,0.000884,0.006052,0.002791,0.000762,0.00069,0.00053,0.000628
240,0.000776,0.000722,0.000829,0.000878,0.000876,0.000793,0.000677,0.000985,0.000778,0.00066,0.000733,0.000727,0.000596,0.00081,0.000766,0.000945,0.000921,0.000744,0.000835,0.000863,0.000929,0.000838,0.000597,0.00096,0.000916,0.000692,0.013112,0.000914,0.00082,0.000873,0.000569
244,0.000521,0.000572,0.000919,0.000892,0.000974,0.000615,0.00052,0.000618,0.000828,0.000706,0.000819,0.000513,0.000805,0.000907,0.000651,0.000859,0.000802,0.000785,0.000737,0.000653,0.000562,0.000983,0.000947,0.000855,0.000751,0.000777,0.002659,0.006382,0.000906,0.000922,0.000704
248,0.000539,0.000985,0.000987,0.000674,0.000702,0.000771,0.000838,0.000801,0.000876,0.000903,0.000689,0.000769,0.000673,0.000926,0.00056,0.000751,0.000684,0.00055,0.000719,0.000816,0.00068,0.000552,0.000829,0.000951,0.000847,0.000951,0.000532,0.011089,0.00129,0.000929,0.000646
252,0.000733,0.000582,0.000511,0.000726,0.000572,0.000713,0.000517,0.000949,0.000831,0.000692,0.000708,0.000891,0.000624,0.000853,0.000557,0.000957,0.000637,0.000878,0.000966,0.000592,0.000894,0.000747,0.000501,0.000555,0.000659,0.000566,0.000851,0.001478,0.011826,0.000999,0.000892
256,0.000576,0.00099,0.000986,0.000881,0.000549,0.000505,0.000911,0.000687,0.000805,0.000976,0.000518,0.000654,0.000763,0.000672,0.00066,0.000927,0.000629,0.000631,0.000726,0.000888,0.000687,0.00094,0.000804,0.000988,0.000954,0.000661,0.000777,0.000702,0.006989,0.003002,0.000583
260,0.000657,0.000667,0.00063,0.000623,0.000892,0.000522,0.000974,0.000884,0.000768,0.000853,0.000704,0.000964,0.000694,0.000607,0.000687,0.000548,0.000934,0.000826,0.000797,0.000541,0.000583,0.000867,0.000764,0.000662,0.000609,0.000855,0.000939,0.000838,0.000727,0.015128,0.000956
264,0.001,0.000782,0.000921,0.000798,0.000504,0.000933,0.000581,0.000689,0.000587,0.000986,0.000935,0.000796,0.000818,0.000894,0.000711,0.000535,0.000738,0.000578,0.000936,0.0009,0.000909,0.000912,0.000571,0.000809,0.000735,0.00099,0.000927,0.000719,0.000736,0.00325,0.007482
268,0.00096,0.000737,0.000972,0.000818,0.000605,0.000916,0.000955,0.000877,0.000837,0.000533,0.000692,0.000743,0.00056,0.00095,0.000679,0.000536,0.000638,0.000604,0.000759,0.000664,0.000542,0.000563,0.000736,0.00067,0.00056,0.000573,0.000898,0.000829,0.000517,0.000676,0.0133
272,0.000641,0.000995,0.000715,0.000927,0.000911,0.000784,0.000629,0.000737,0.000928,0.000598,0.000697,0.000506,0.000772,0.000903,0.000944,0.000766,0.000921,0.000655,0.000912,0.000572,0.000915,0.000568,0.000526,0.000901,0.000909,0.000764,0.000858,0.0007,0.000981,0.000801,0.001308
276,0.000761,0.000838,0.000767,0.000967,0.000955,0.000625,0.00066,0.00077,0.000939,0.000545,0.000864,0.000659,0.00081,0.000847,0.000889,0.000543,0.000974,0.00092,0.000731,0.000719,0.000808,0.000961,0.000742,0.000601,0.000942,0.000651,0.000998,0.000515,0.000814,0.000535,0.000625
280,0.000847,0.000638,0.000738,0.000537,0.000772,0.000709,0.000717,0.000766,0.00064,0.000899,0.000874,0.000651,0.000505,0.000826,0.000637,0.000677,0.000671,0.000788,0.000805,0.000985,0.000735,0.000909,0.000776,0.000536,0.000892,0.000763,0.000831,0.000622,0.000656,0.000965,0.000588
284,0.000794,0.000798,0.000952,0.000659,0.000583,0.000819,0.000864,0.000595,0.000942,0.00074,0.000613,0.000696,0.000667,0.000544,0.000826,0.000795,0.000934,0.000875,0.000549,0.000878,0.000815,0.000727,0.000865,0.000594,0.000591,0.000967,0.000508,0.000639,0.000786,0.000842,0.000684
288,0.000625,0.000681,0.000939,0.000877,0.000553,0.00091,0.000603,0.000832,0.000688,0.000853,0.000957,0.000927,0.000982,0.001,0.000978,0.000564,0.000592,0.000803,0.000983,0.000826,0.00085,0.000953,0.00095,0.000682,0.000844,0.000761,0.000744,0.000968,0.000561,0.00063,0.000822
292,0.000951,0.000982,0.000649,0.000802,0.000796,0.000977,0.000958,0.000685,0.000898,0.000946,0.000604,0.000962,0.000666,0.000885,0.000537,0.000902,0.000566,0.000794,0.000742,0.000738,0.000844,0.000764,0.000557,0.000715,0.000625,0.000734,0.000743,0.000949,0.000651,0.000734,0.000985
296,0.000978,0.000803,0.00091,0.000737,0.00084,0.000886,0.000607,0.000794,0.000753,0.000633,0.000694,0.000773,0.000546,0.000975,0.000899,0.000671,0.000642,0.000572,0.000856,0.000566,0.000806,0.000956,0.0009,0.000558,0.000537,0.00077,0.000571,0.000725,0.000684,0.000508,0.000518
300,0.00084,0.000928,0.000714,0.000914,0.000952,0.000858,0.00063,0.000907,0.000623,0.000809,0.000955,0.000831,0.000625,0.00077,0.000685,0.000944,0.000549,0.000733,0.000746,0.000853,0.000741,0.000733,0.00071,0.000736,0.000799,0.000952,0.000802,0.000848,0.00065,0.000654,0.000762
304,0.000945,0.000737,0.000715,0.00068,0.000987,0.000758,0.000951,0.000648,0.000946,0.000631,0.000523,0.000653,0.00057,0.000879,0.000871,0.00067,0.000939,0.00053,0.000601,0.000699,0.000657,0.000962,0.000542,0.000626,0.000803,0.000665,0.000867,0.00081,0.000685,0.000688,0.000957
308,0.000897,0.000875,0.000792,0.000956,0.000769,0.000985,0.000928,0.000529,0.00081,0.000518,0.000864,0.000742,0.000969,0.000644,0.000627,0.000977,0.000664,0.000992,0.000978,0.000707,0.000566,0.000696,0.000984,0.000915,0.000972,0.000567,0.00068,0.00052,0.000945,0.000532,0.000619
312,0.000945,0.000976,0.000779,0.000718,0.000637,0.000909,0.000934,0.00055,0.000633,0.000519,0.000788,0.000655,0.000958,0.000734,0.000687,0.000671,0.000504,0.000724,0.000688,0.000919,0.000608,0.000603,0.000525,0.000934,0.000679,0.000751,0.000908,0.000701,0.000683,0.00064,0.00082
316,0.00059,0.000801,0.000693,0.000771,0.000957,0.000998,0.000983,0.000848,0.000591,0.000848,0.000978,0.000594,0.000755,0.000534,0.00056,0.000687,0.00096,0.000652,0.000899,0.000963,0.000668,0.000756,0.000536,0.000777,0.000661,0.000831,0.000749,0.000845,0.000931,0.000587,0.000544
320,0.000757,0.000729,0.000542,0.000819,0.00053,0.000869,0.000531,0.000684,0.000861,0.000855,0.000515,0.00095,0.000864,0.000757,0.000581,0.000543,0.000765,0.000791,0.000762,0.000951,0.000566,0.000896,0.000602,0.000593,0.000968,0.00092,0.000707,0.000722,0.000594,0.000584,0.000972
324,0.000794,0.00065,0.000856,0.000846,0.000866,0.000674,0.000721,0.000579,0.000534,0.000555,0.000512,0.000561,0.000787,0.000934,0.000886,0.000673,0.000974,0.000751,0.000911,0.000942,0.000662,0.000693,0.000845,0.000688,0.000899,0.000654,0.000681,0.000777,0.000992,0.00096,0.000904
328,0.000509,0.000825,0.000516,0.000888,0.000632,0.0009,0.000572,0.000529,0.00067,0.00099,0.000584,0.000627,0.000918,0.000614,0.000788,0.000893,0.000863,0.000813,0.000524,0.000813,0.000541,0.000964,0.000546,0.000534,0.000745,0.000672,0.000727,0.000647,0.000718,0.000542,0.000739
332,0.000734,0.00061,0.000622,0.000505,0.000644,0.000974,0.000618,0.000665,0.00096,0.000896,0.00079,0.000906,0.000775,0.000848,0.00054,0.000896,0.000583,0.000662,0.000776,0.000743,0.000695,0.000892,0.000596,0.000557,0.000794,0.000945,0.000883,0.000876,0.000718,0.000764,0.000518
336,0.000627,0.000755,0.000926,0.000508,0.000681,0.000756,0.000571,0.000574,0.000801,0.000626,0.000582,0.000765,0.000703,0.00074,0.000502,0.000886,0.000642,0.000813,0.000652,0.000902,0.000796,0.000814,0.000697,0.00063,0.000677,0.00072,0.000926,0.000632,0.000907,0.000904,0.000763
340,0.000988,0.000704,0.000837,0.000553,0.000738,0.000674,0.0007,0.000556,0.000768,0.000597,0.000835,0.000565,0.000564,0.000705,0.000951,0.000515,0.000581,0.000787,0.000572,0.000684,0.000904,0.000511,0.000968,0.00092,0.000606,0.000743,0.000776,0.000599,0.000803,0.000966,0.000617
344,0.000927,0.000569,0.000745,0.000886,0.000635,0.000602,0.00073,0.000631,0.000676,0.000842,0.000993,0.000784,0.000993,0.000837,0.00054,0.000733,0.000857,0.000726,0.000914,0.000546,0.000506,0.000625,0.000673,0.000577,0.000611,0.000944,0.00089,0.000776,0.000692,0.000591,0.000861
348,0.000846,0.000981,0.000921,0.000577,0.00063,0.000621,0.00069,0.000908,0.000997,0.000998,0.000705,0.000874,0.000895,0.001,0.000772,0.00093,0.00076,0.000923,0.000934,0.000526,0.000967,0.000521,0.000679,0.000762,0.000788,0.000506,0.000716,0.00063,0.000892,0.000663,0.000718
352,0.000784,0.000942,0.000739,0.00091,0.000882,0.00084,0.000797,0.000576,0.000537,0.000773,0.000912,0.00084,0.000812,0.000623,0.000705,0.00077,0.000771,0.000963,0.000537,0.000716,0.000735,0.000918,0.000783,0.000864,0.000826,0.000986,0.000553,0.000633,0.000929,0.000627,0.000902
356,0.000732,0.000706,0.000568,0.000692,0.000851,0.000846,0.000945,0.00066,0.000983,0.000692,0.000972,0.000585,0.000566,0.000711,0.000778,0.000839,0.000927,0.000639,0.000579,0.000989,0.000523,0.000995,0.000904,0.000815,0.000801,0.000649,0.000608,0.000891,0.000546,0.000587,0.000905
360,0.000708,0.000836,0.000717,0.000944,0.00093,0.000992,0.000794,0.000642,0.000978,0.000744,0.000509,0.000824,0.000522,0.000882,0.000876,0.000751,0.000692,0.000907,0.000916,0.00052,0.000925,0.000645,0.000822,0.000791,0.000739,0.000919,0.000607,0.000614,0.000976,0.000915,0.000857
364,0.000511,0.000751,0.000508,0.000538,0.00051,0.000793,0.000532,0.000808,0.000584,0.000844,0.00077,0.000811,0.00094,0.000566,0.000848,0.000675,0.000539,0.000967,0.000857,0.000977,0.000542,0.000586,0.000749,0.000631,0.00083,0.000576,0.000548,0.000926,0.000896,0.000883,0.000804
368,0.00082,0.000514,0.000781,0.000946,0.000522,0.000646,0.000998,0.000711,0.000827,0.000902,0.000653,0.00061,0.000756,0.000794,0.000694,0.000743,0.000519,0.001,0.000898,0.00082,0.000973,0.000996,0.000606,0.000828,0.000678,0.000951,0.00055,0.000949,0.000914,0.000984,0.000921
372,0.000668,0.000665,0.000596,0.000681,0.000598,0.000885,0.000823,0.000911,0.000865,0.000924,0.000642,0.000871,0.000594,0.000532,0.000799,0.000681,0.000825,0.00079,0.000732,0.000984,0.000941,0.000922,0.000738,0.000757,0.000734,0.000745,0.000947,0.00052,0.000712,0.000617,0.000947
376,0.000622,0.000782,0.000525,0.00075,0.000995,0.000567,0.000978,0.00067,0.000756,0.000913,0.000572,0.000698,0.000666,0.000823,0.000573,0.000851,0.000878,0.000769,0.000877,0.000715,0.000714,0.000737,0.000776,0.000646,0.000691,0.000863,0.000806,0.000703,0.000581,0.000973,0.000566
380,0.000541,0.00069,0.000675,0.000615,0.000806,0.000789,0.000759,0.000511,0.000678,0.000855,0.000844,0.000511,0.000876,0.000962,0.000524,0.000829,0.000869,0.00092,0.000603,0.000631,0.000976,0.000513,0.00068,0.00066,0.000545,0.000733,0.000988,0.000608,0.000998,0.000544,0.000771
384,0.00051,0.000814,0.000874,0.000942,0.000635,0.00095,0.000917,0.000802,0.000632,0.000955,0.000622,0.000551,0.000729,0.000669,0.00063,0.000849,0.000974,0.000779,0.000834,0.000892,0.000888,0.000715,0.000613,0.000847,0.000678,0.00078,0.000835,0.000784,0.000905,0.000586,0.000785
388,0.000752,0.000529,0.000663,0.000866,0.000792,0.000505,0.000784,0.000954,0.000868,0.000894,0.000651,0.000808,0.000572,0.000949,0.000644,0.000631,0.000618,0.000776,0.000662,0.000676,0.000892,0.000519,0.000905,0.000894,0.000973,0.000532,0.000867,0.000574,0.000729,0.000864,0.000692
392,0.00085,0.000628,0.000607,0.000942,0.000642,0.000798,0.000509,0.000809,0.00066,0.00062,0.000834,0.000608,0.000647,0.00085,0.000668,0.000577,0.000653,0.000984,0.000761,0.000966,0.000934,0.00057,0.000807,0.000525,0.0009,0.000778,0.000639,0.00073,0.000755,0.000931,0.000635
396,0.000964,0.000691,0.000792,0.000527,0.000581,0.000892,0.000857,0.000765,0.000592,0.000632,0.000916,0.000698,0.000508,0.000733,0.000598,0.000571,0.000569,0.000653,0.000508,0.000848,0.000886,0.000865,0.000547,0.000549,0.000944,0.000639,0.000633,0.000727,0.000578,0.00076,0.000571
400,0.000729,0.000574,0.000866,0.000736,0.000503,0.000697,0.000961,0.000641,0.000985,0.000714,0.000934,0.000805,0.000793,0.000761,0.000552,0.000916,0.000658,0.000668,0.000549,0.000667,0.000814,0.000685,0.00074,0.000929,0.000746,0.000693,0.0006,0.00075,0.000722,0.000915,0.000965
